date,Thực tế,Mô hình tham chiếu (Naive) - Dự báo,Mô hình tham chiếu (Naive) - Sai số,Mô hình tham chiếu (Naive) - Sai số tuyệt đối,Tham chiếu mùa vụ 7 ngày - Dự báo,Tham chiếu mùa vụ 7 ngày - Sai số,Tham chiếu mùa vụ 7 ngày - Sai số tuyệt đối,ARIMA - Dự báo,ARIMA - Sai số,ARIMA - Sai số tuyệt đối,Random Forest - Dự báo,Random Forest - Sai số,Random Forest - Sai số tuyệt đối
2025-01-01,138.7917,,,,,,,90.5865,-48.2052,48.2052,87.3833,-51.4083,51.4083
2025-01-02,143.625,138.7917,-4.8333,4.8333,,,,130.3383,-13.2867,13.2867,98.9792,-44.6458,44.6458
2025-01-03,129.8613,143.625,13.7637,13.7637,,,,126.8974,-2.9639,2.9639,102.6645,-27.1967,27.1967
2025-01-04,117.3471,129.8613,12.5142,12.5142,,,,118.8947,1.5476,1.5476,111.0462,-6.3009,6.3009
2025-01-05,104.5138,117.3471,12.8333,12.8333,,,,111.3533,6.8395,6.8395,101.5455,-2.9683,2.9683
2025-01-06,114.8888,104.5138,-10.375,10.375,,,,101.1437,-13.7451,13.7451,94.8408,-20.0479,20.0479
2025-01-07,137.1254,114.8888,-22.2367,22.2367,,,,111.5158,-25.6096,25.6096,95.3955,-41.73,41.73
2025-01-08,74.6529,137.1254,62.4725,62.4725,138.7917,64.1387,64.1387,128.0029,53.35,53.35,93.2414,18.5885,18.5885
2025-01-09,116.0417,74.6529,-41.3888,41.3888,143.625,27.5833,27.5833,70.2777,-45.764,45.764,67.3991,-48.6425,48.6425
2025-01-10,48.5488,116.0417,67.4929,67.4929,129.8613,81.3125,81.3125,120.4184,71.8696,71.8696,91.5257,42.977,42.977
2025-01-11,60.1321,48.5488,-11.5833,11.5833,117.3471,57.215,57.215,48.4877,-11.6444,11.6444,65.8129,5.6808,5.6808
2025-01-12,79.1596,60.1321,-19.0275,19.0275,104.5138,25.3542,25.3542,73.1073,-6.0522,6.0522,79.0065,-0.1531,0.1531
2025-01-13,111.875,79.1596,-32.7154,32.7154,114.8888,3.0138,3.0138,80.9898,-30.8852,30.8852,91.2202,-20.6548,20.6548
2025-01-14,105.2917,111.875,6.5833,6.5833,137.1254,31.8337,31.8337,107.2872,1.9956,1.9956,99.7144,-5.5773,5.5773
2025-01-15,130.2983,105.2917,-25.0067,25.0067,74.6529,-55.6454,55.6454,98.2799,-32.0184,32.0184,100.1361,-30.1622,30.1622
2025-01-16,98.1596,130.2983,32.1387,32.1387,116.0417,17.8821,17.8821,124.0784,25.9188,25.9188,105.9641,7.8045,7.8045
2025-01-17,97.4654,98.1596,0.6942,0.6942,48.5488,-48.9167,48.9167,92.1952,-5.2702,5.2702,97.8825,0.4171,0.4171
2025-01-18,122.1946,97.4654,-24.7292,24.7292,60.1321,-62.0625,62.0625,98.9642,-23.2304,23.2304,102.8896,-19.305,19.305
2025-01-19,124.6738,122.1946,-2.4792,2.4792,79.1596,-45.5142,45.5142,117.4943,-7.1794,7.1794,102.0374,-22.6364,22.6364
2025-01-20,160.285,124.6738,-35.6112,35.6112,111.875,-48.41,48.41,115.9026,-44.3824,44.3824,101.8953,-58.3897,58.3897
2025-01-21,115.8192,160.285,44.4658,44.4658,105.2917,-10.5275,10.5275,148.7276,32.9084,32.9084,128.7763,12.9571,12.9571
2025-01-22,75.5021,115.8192,40.3171,40.3171,130.2983,54.7962,54.7962,105.7159,30.2138,30.2138,107.6489,32.1468,32.1468
2025-01-23,47.6875,75.5021,27.8146,27.8146,98.1596,50.4721,50.4721,81.3042,33.6167,33.6167,72.7166,25.0291,25.0291
2025-01-24,52.1462,47.6875,-4.4588,4.4588,97.4654,45.3192,45.3192,59.4077,7.2615,7.2615,59.7136,7.5674,7.5674
2025-01-25,45.4304,52.1462,6.7158,6.7158,122.1946,76.7642,76.7642,63.7667,18.3363,18.3363,53.5223,8.0919,8.0919
2025-01-26,23.0208,45.4304,22.4096,22.4096,124.6738,101.6529,101.6529,54.4442,31.4234,31.4234,50.0048,26.9839,26.9839
2025-01-27,48.6317,23.0208,-25.6108,25.6108,160.285,111.6533,111.6533,35.9691,-12.6626,12.6626,46.1401,-2.4916,2.4916
2025-01-28,59.1042,48.6317,-10.4725,10.4725,115.8192,56.715,56.715,60.5972,1.4931,1.4931,62.3369,3.2327,3.2327
2025-01-29,109.8821,59.1042,-50.7779,50.7779,75.5021,-34.38,34.38,63.3179,-46.5642,46.5642,68.4756,-41.4065,41.4065
2025-01-30,70.3679,109.8821,39.5142,39.5142,47.6875,-22.6804,22.6804,107.6867,37.3187,37.3187,95.4428,25.0749,25.0749
2025-01-31,39.6596,70.3679,30.7083,30.7083,52.1462,12.4867,12.4867,66.8121,27.1526,27.1526,71.0375,31.3779,31.3779
2025-02-01,33.465,39.6596,6.1946,6.1946,45.4304,11.9654,11.9654,50.6847,17.2197,17.2197,54.3463,20.8813,20.8813
2025-02-02,31.4162,33.465,2.0487,2.0487,23.0208,-8.3954,8.3954,46.3328,14.9165,14.9165,42.523,11.1067,11.1067
2025-02-03,22.6321,31.4162,8.7842,8.7842,48.6317,25.9996,25.9996,42.4649,19.8328,19.8328,41.7359,19.1038,19.1038
2025-02-04,31.4467,22.6321,-8.8146,8.8146,59.1042,27.6575,27.6575,34.2077,2.761,2.761,42.9433,11.4966,11.4966
2025-02-05,58.4304,31.4467,-26.9837,26.9837,109.8821,51.4517,51.4517,42.5726,-15.8578,15.8578,47.7814,-10.6491,10.6491
2025-02-06,75.7704,58.4304,-17.34,17.34,70.3679,-5.4025,5.4025,63.4318,-12.3386,12.3386,63.2208,-12.5496,12.5496
2025-02-07,18.8125,75.7704,56.9579,56.9579,39.6596,20.8471,20.8471,74.811,55.9985,55.9985,66.4206,47.6081,47.6081
2025-02-08,26.2708,18.8125,-7.4583,7.4583,33.465,7.1942,7.1942,25.1866,-1.0843,1.0843,40.6051,14.3343,14.3343
2025-02-09,46.6875,26.2708,-20.4167,20.4167,31.4162,-15.2712,15.2712,41.8079,-4.8796,4.8796,47.1133,0.4258,0.4258
2025-02-10,105.2017,46.6875,-58.5142,58.5142,22.6321,-82.5696,82.5696,52.7415,-52.4602,52.4602,69.006,-36.1957,36.1957
2025-02-11,119.1667,105.2017,-13.965,13.965,31.4467,-87.72,87.72,100.6068,-18.5599,18.5599,96.2974,-22.8693,22.8693
2025-02-12,115.5762,119.1667,3.5904,3.5904,58.4304,-57.1458,57.1458,105.3661,-10.2102,10.2102,102.364,-13.2123,13.2123
2025-02-13,86.25,115.5762,29.3262,29.3262,75.7704,-10.4796,10.4796,105.4367,19.1867,19.1867,79.0288,-7.2212,7.2212
2025-02-14,63.2288,86.25,23.0213,23.0213,18.8125,-44.4162,44.4162,82.0703,18.8415,18.8415,78.9253,15.6965,15.6965
2025-02-15,50.6667,63.2288,12.5621,12.5621,26.2708,-24.3958,24.3958,66.6167,15.95,15.95,62.0985,11.4318,11.4318
2025-02-16,29.59,50.6667,21.0767,21.0767,46.6875,17.0975,17.0975,56.8924,27.3024,27.3024,54.8929,25.3029,25.3029
2025-02-17,44.9792,29.59,-15.3892,15.3892,105.2017,60.2225,60.2225,38.531,-6.4482,6.4482,39.6113,-5.3679,5.3679
2025-02-18,32.9167,44.9792,12.0625,12.0625,119.1667,86.25,86.25,53.953,21.0364,21.0364,57.8391,24.9224,24.9224
2025-02-19,44.2642,32.9167,-11.3475,11.3475,115.5762,71.3121,71.3121,39.0384,-5.2258,5.2258,44.147,-0.1172,0.1172
2025-02-20,61.1733,44.2642,-16.9092,16.9092,86.25,25.0767,25.0767,51.7584,-9.4149,9.4149,55.4208,-5.7525,5.7525
2025-02-21,57.375,61.1733,3.7983,3.7983,63.2288,5.8537,5.8537,63.4264,6.0514,6.0514,62.9895,5.6145,5.6145
2025-02-22,66.4512,57.375,-9.0763,9.0763,50.6667,-15.7846,15.7846,58.2417,-8.2095,8.2095,57.6069,-8.8443,8.8443
2025-02-23,34.7638,66.4512,31.6875,31.6875,29.59,-5.1738,5.1738,67.9942,33.2305,33.2305,61.2257,26.462,26.462
2025-02-24,31.7429,34.7638,3.0208,3.0208,44.9792,13.2362,13.2362,38.7421,6.9992,6.9992,50.1947,18.4518,18.4518
2025-02-25,42.9238,31.7429,-11.1808,11.1808,32.9167,-10.0071,10.0071,41.6444,-1.2794,1.2794,44.4421,1.5184,1.5184
2025-02-26,40.5833,42.9238,2.3404,2.3404,44.2642,3.6808,3.6808,49.0048,8.4215,8.4215,60.3917,19.8083,19.8083
2025-02-27,84.5625,40.5833,-43.9792,43.9792,61.1733,-23.3892,23.3892,44.7378,-39.8247,39.8247,57.2258,-27.3367,27.3367
2025-02-28,59.7567,84.5625,24.8058,24.8058,57.375,-2.3817,2.3817,83.9452,24.1885,24.1885,76.8297,17.073,17.073
2025-03-01,50.4167,59.7567,9.34,9.34,66.4512,16.0346,16.0346,55.4758,5.0592,5.0592,59.06,8.6433,8.6433
2025-03-02,35.875,50.4167,14.5417,14.5417,34.7638,-1.1112,1.1112,54.7087,18.8337,18.8337,53.3506,17.4756,17.4756
2025-03-03,40.2083,35.875,-4.3333,4.3333,31.7429,-8.4654,8.4654,41.5126,1.3043,1.3043,43.9476,3.7393,3.7393
2025-03-04,45.125,40.2083,-4.9167,4.9167,42.9238,-2.2012,2.2012,46.5899,1.4649,1.4649,47.1881,2.0631,2.0631
2025-03-05,48.2154,45.125,-3.0904,3.0904,40.5833,-7.6321,7.6321,48.8451,0.6297,0.6297,47.9291,-0.2863,0.2863
2025-03-06,39.8542,48.2154,8.3613,8.3613,84.5625,44.7083,44.7083,50.9347,11.0806,11.0806,50.7429,10.8887,10.8887
2025-03-07,36.0696,39.8542,3.7846,3.7846,59.7567,23.6871,23.6871,43.4774,7.4078,7.4078,54.3245,18.255,18.255
2025-03-08,69.8679,36.0696,-33.7983,33.7983,50.4167,-19.4512,19.4512,41.574,-28.2939,28.2939,59.8848,-9.9832,9.9832
2025-03-09,107.2779,69.8679,-37.41,37.41,35.875,-71.4029,71.4029,70.5702,-36.7078,36.7078,72.4512,-34.8268,34.8268
2025-03-10,97.5279,107.2779,9.75,9.75,40.2083,-57.3196,57.3196,97.4803,-0.0476,0.0476,89.9286,-7.5993,7.5993
2025-03-11,64.4583,97.5279,33.0696,33.0696,45.125,-19.3333,19.3333,86.0559,21.5976,21.5976,88.1175,23.6592,23.6592
2025-03-12,37.7708,64.4583,26.6875,26.6875,48.2154,10.4446,10.4446,62.1235,24.3526,24.3526,63.3163,25.5454,25.5454
2025-03-13,34.3679,37.7708,3.4029,3.4029,39.8542,5.4862,5.4862,43.4949,9.1269,9.1269,53.6078,19.2399,19.2399
2025-03-14,44.4792,34.3679,-10.1112,10.1112,36.0696,-8.4096,8.4096,42.1214,-2.3578,2.3578,46.7813,2.3022,2.3022
2025-03-15,37.6458,44.4792,6.8333,6.8333,69.8679,32.2221,32.2221,49.1849,11.5391,11.5391,48.1497,10.5039,10.5039
2025-03-16,25.0483,37.6458,12.5975,12.5975,107.2779,82.2296,82.2296,41.1799,16.1316,16.1316,44.8923,19.844,19.844
2025-03-17,52.7292,25.0483,-27.6808,27.6808,97.5279,44.7988,44.7988,31.9274,-20.8018,20.8018,45.0391,-7.6901,7.6901
2025-03-18,54.7779,52.7292,-2.0488,2.0488,64.4583,9.6804,9.6804,57.2354,2.4575,2.4575,65.1351,10.3572,10.3572
2025-03-19,47.4725,54.7779,7.3054,7.3054,37.7708,-9.7017,9.7017,53.4449,5.9724,5.9724,61.9251,14.4526,14.4526
2025-03-20,110.4579,47.4725,-62.9854,62.9854,34.3679,-76.09,76.09,48.8827,-61.5752,61.5752,62.2704,-48.1875,48.1875
2025-03-21,136.9863,110.4579,-26.5283,26.5283,44.4792,-92.5071,92.5071,104.8043,-32.1819,32.1819,99.3044,-37.6819,37.6819
2025-03-22,119.6529,136.9863,17.3333,17.3333,37.6458,-82.0071,82.0071,117.5452,-2.1078,2.1078,116.3023,-3.3506,3.3506
2025-03-23,88.6667,119.6529,30.9862,30.9862,25.0483,-63.6183,63.6183,103.6417,14.9751,14.9751,109.5577,20.891,20.891
2025-03-24,92.6525,88.6667,-3.9858,3.9858,52.7292,-39.9233,39.9233,82.0022,-10.6503,10.6503,86.6831,-5.9694,5.9694
2025-03-25,71.68,92.6525,20.9725,20.9725,54.7779,-16.9021,16.9021,89.5966,17.9166,17.9166,85.9766,14.2966,14.2966
2025-03-26,57.4725,71.68,14.2075,14.2075,47.4725,-10.0,10.0,68.3669,10.8944,10.8944,64.9597,7.4872,7.4872
2025-03-27,53.8475,57.4725,3.625,3.625,110.4579,56.6104,56.6104,59.853,6.0055,6.0055,56.1403,2.2928,2.2928
2025-03-28,66.125,53.8475,-12.2775,12.2775,136.9863,70.8613,70.8613,57.3636,-8.7614,8.7614,51.3839,-14.7411,14.7411
2025-03-29,56.2638,66.125,9.8613,9.8613,119.6529,63.3892,63.3892,67.46,11.1962,11.1962,51.8344,-4.4294,4.4294
2025-03-30,23.7362,56.2638,32.5275,32.5275,88.6667,64.9304,64.9304,56.5297,32.7934,32.7934,47.2298,23.4936,23.4936
2025-03-31,35.8892,23.7362,-12.1529,12.1529,92.6525,56.7633,56.7633,30.7165,-5.1727,5.1727,43.3048,7.4156,7.4156
2025-04-01,55.6525,35.8892,-19.7633,19.7633,71.68,16.0275,16.0275,45.6898,-9.9627,9.9627,52.5103,-3.1422,3.1422
2025-04-02,101.4721,55.6525,-45.8196,45.8196,57.4725,-43.9996,43.9996,58.0508,-43.4213,43.4213,66.0107,-35.4614,35.4614
2025-04-03,90.3475,101.4721,11.1246,11.1246,53.8475,-36.5,36.5,95.6349,5.2874,5.2874,92.2109,1.8634,1.8634
2025-04-04,72.8612,90.3475,17.4863,17.4863,66.125,-6.7362,6.7362,79.9588,7.0976,7.0976,89.2979,16.4366,16.4366
2025-04-05,64.9862,72.8612,7.875,7.875,56.2638,-8.7225,8.7225,70.3869,5.4007,5.4007,62.5599,-2.4263,2.4263
2025-04-06,94.2362,64.9862,-29.25,29.25,23.7362,-70.5,70.5,65.6982,-28.538,28.538,61.1091,-33.1271,33.1271
2025-04-07,87.9304,94.2362,6.3058,6.3058,35.8892,-52.0412,52.0412,91.1981,3.2677,3.2677,75.5425,-12.3879,12.3879
2025-04-08,78.625,87.9304,9.3054,9.3054,55.6525,-22.9725,22.9725,80.2895,1.6645,1.6645,68.3341,-10.2909,10.2909
2025-04-09,62.3475,78.625,16.2775,16.2775,101.4721,39.1246,39.1246,75.7633,13.4158,13.4158,59.4458,-2.9017,2.9017
2025-04-10,57.375,62.3475,4.9725,4.9725,90.3475,32.9725,32.9725,62.7532,5.3782,5.3782,49.2306,-8.1444,8.1444
2025-04-11,64.4583,57.375,-7.0833,7.0833,72.8612,8.4029,8.4029,60.4311,-4.0273,4.0273,48.9563,-15.502,15.502
2025-04-12,78.375,64.4583,-13.9167,13.9167,64.9862,-13.3888,13.3888,66.0934,-12.2816,12.2816,52.2511,-26.1239,26.1239
2025-04-13,65.5554,78.375,12.8196,12.8196,94.2362,28.6808,28.6808,76.5965,11.0411,11.0411,59.0602,-6.4952,6.4952
2025-04-14,84.7225,65.5554,-19.1671,19.1671,87.9304,3.2079,3.2079,63.6758,-21.0467,21.0467,68.4965,-16.226,16.226
2025-04-15,100.3054,84.7225,-15.5829,15.5829,78.625,-21.6804,21.6804,83.6613,-16.6442,16.6442,84.0619,-16.2435,16.2435
2025-04-16,113.3333,100.3054,-13.0279,13.0279,62.3475,-50.9858,50.9858,93.1021,-20.2312,20.2312,88.548,-24.7853,24.7853
2025-04-17,67.4029,113.3333,45.9304,45.9304,57.375,-10.0279,10.0279,103.6034,36.2005,36.2005,91.8132,24.4102,24.4102
2025-04-18,69.6804,67.4029,-2.2775,2.2775,64.4583,-5.2221,5.2221,62.8735,-6.8069,6.8069,62.7583,-6.9221,6.9221
2025-04-19,66.8333,69.6804,2.8471,2.8471,78.375,11.5417,11.5417,73.7609,6.9275,6.9275,65.3222,-1.5111,1.5111
2025-04-20,49.4579,66.8333,17.3754,17.3754,65.5554,16.0975,16.0975,67.2598,17.8019,17.8019,58.8389,9.381,9.381
2025-04-21,64.0833,49.4579,-14.6254,14.6254,84.7225,20.6392,20.6392,52.7598,-11.3236,11.3236,54.1404,-9.9429,9.9429
2025-04-22,69.9304,64.0833,-5.8471,5.8471,100.3054,30.375,30.375,68.0593,-1.8711,1.8711,53.5556,-16.3748,16.3748
2025-04-23,66.0138,69.9304,3.9167,3.9167,113.3333,47.3196,47.3196,69.2442,3.2305,3.2305,56.1574,-9.8563,9.8563
2025-04-24,56.5833,66.0138,9.4304,9.4304,67.4029,10.8196,10.8196,65.9862,9.4029,9.4029,52.4806,-4.1027,4.1027
2025-04-25,38.625,56.5833,17.9583,17.9583,69.6804,31.0554,31.0554,58.8764,20.2514,20.2514,45.3631,6.7381,6.7381
2025-04-26,51.9863,38.625,-13.3613,13.3613,66.8333,14.8471,14.8471,44.4281,-7.5581,7.5581,39.818,-12.1682,12.1682
2025-04-27,48.875,51.9863,3.1113,3.1113,49.4579,0.5829,0.5829,58.1438,9.2688,9.2688,47.7608,-1.1142,1.1142
2025-04-28,41.2362,48.875,7.6388,7.6388,64.0833,22.8471,22.8471,51.6049,10.3686,10.3686,45.725,4.4888,4.4888
2025-04-29,94.0279,41.2362,-52.7917,52.7917,69.9304,-24.0975,24.0975,46.3761,-47.6518,47.6518,43.3133,-50.7147,50.7147
2025-04-30,57.1388,94.0279,36.8892,36.8892,66.0138,8.875,8.875,93.1356,35.9969,35.9969,74.3684,17.2296,17.2296
2025-05-01,47.1068,57.1388,10.0319,10.0319,56.5833,9.4765,9.4765,51.8965,4.7897,4.7897,48.4061,1.2993,1.2993
2025-05-02,63.7917,47.1068,-16.6849,16.6849,38.625,-25.1667,25.1667,53.3959,-10.3957,10.3957,45.4204,-18.3713,18.3713
2025-05-03,51.6108,63.7917,12.1808,12.1808,51.9863,0.3754,0.3754,66.4488,14.8379,14.8379,58.9952,7.3844,7.3844
2025-05-04,43.5137,51.6108,8.0971,8.0971,48.875,5.3613,5.3613,52.3122,8.7984,8.7984,44.6301,1.1163,1.1163
2025-05-05,47.7358,43.5137,-4.2221,4.2221,41.2362,-6.4996,6.4996,48.5471,0.8113,0.8113,44.0354,-3.7004,3.7004
2025-05-06,45.1113,47.7358,2.6246,2.6246,94.0279,48.9167,48.9167,52.4004,7.2891,7.2891,47.063,1.9517,1.9517
2025-05-07,38.9862,45.1113,6.125,6.125,57.1388,18.1525,18.1525,48.6382,9.6519,9.6519,42.5137,3.5274,3.5274
2025-05-08,50.1804,38.9862,-11.1942,11.1942,47.1068,-3.0736,3.0736,43.9547,-6.2257,6.2257,37.3224,-12.858,12.858
2025-05-09,50.5417,50.1804,-0.3612,0.3612,63.7917,13.25,13.25,54.2578,3.7161,3.7161,45.5989,-4.9427,4.9427
2025-05-10,69.5,50.5417,-18.9583,18.9583,51.6108,-17.8892,17.8892,52.112,-17.388,17.388,46.3098,-23.1902,23.1902
2025-05-11,26.3196,69.5,43.1804,43.1804,43.5137,17.1942,17.1942,69.2607,42.9411,42.9411,54.8024,28.4828,28.4828
2025-05-12,67.3746,26.3196,-41.055,41.055,47.7358,-19.6387,19.6387,28.9161,-38.4585,38.4585,34.591,-32.7836,32.7836
2025-05-13,68.6804,67.3746,-1.3058,1.3058,45.1113,-23.5692,23.5692,72.4897,3.8093,3.8093,66.4891,-2.1913,2.1913
2025-05-14,47.7083,68.6804,20.9721,20.9721,38.9862,-8.7221,8.7221,63.7676,16.0593,16.0593,64.6889,16.9806,16.9806
2025-05-15,42.9721,47.7083,4.7363,4.7363,50.1804,7.2083,7.2083,48.7763,5.8042,5.8042,42.316,-0.6561,0.6561
2025-05-16,42.3888,42.9721,0.5833,0.5833,50.5417,8.1529,8.1529,48.0664,5.6776,5.6776,41.2252,-1.1636,1.1636
2025-05-17,35.75,42.3888,6.6388,6.6388,69.5,33.75,33.75,46.5308,10.7808,10.7808,40.0297,4.2797,4.2797
2025-05-18,39.2083,35.75,-3.4583,3.4583,26.3196,-12.8888,12.8888,40.3974,1.1891,1.1891,35.5269,-3.6814,3.6814
2025-05-19,46.7083,39.2083,-7.5,7.5,67.3746,20.6662,20.6662,44.1958,-2.5126,2.5126,38.777,-7.9313,7.9313
2025-05-20,55.2917,46.7083,-8.5833,8.5833,68.6804,13.3887,13.3887,49.4106,-5.881,5.881,41.2469,-14.0447,14.0447
2025-05-21,41.8608,55.2917,13.4308,13.4308,47.7083,5.8475,5.8475,55.7696,13.9088,13.9088,46.6409,4.7801,4.7801
2025-05-22,37.2221,41.8608,4.6387,4.6387,42.9721,5.75,5.75,43.4109,6.1888,6.1888,36.7234,-0.4987,0.4987
2025-05-23,38.5696,37.2221,-1.3475,1.3475,42.3888,3.8192,3.8192,42.1274,3.5578,3.5578,33.8273,-4.7423,4.7423
2025-05-24,35.1112,38.5696,3.4583,3.4583,35.75,0.6388,0.6388,42.8139,7.7026,7.7026,34.8479,-0.2633,0.2633
2025-05-25,28.5275,35.1112,6.5837,6.5837,39.2083,10.6808,10.6808,39.1104,10.5829,10.5829,32.0634,3.5359,3.5359
2025-05-26,34.8054,28.5275,-6.2779,6.2779,46.7083,11.9029,11.9029,33.9342,-0.8712,0.8712,32.1518,-2.6537,2.6537
2025-05-27,69.1112,34.8054,-34.3058,34.3058,55.2917,-13.8196,13.8196,39.9056,-29.2056,29.2056,39.3298,-29.7815,29.7815
2025-05-28,69.0558,69.1112,0.0554,0.0554,41.8608,-27.195,27.195,67.7532,-1.3026,1.3026,55.2944,-13.7614,13.7614
2025-05-29,30.7358,69.0558,38.32,38.32,37.2221,6.4863,6.4863,62.794,32.0581,32.0581,54.5981,23.8623,23.8623
2025-05-30,30.8471,30.7358,-0.1113,0.1113,38.5696,7.7225,7.7225,32.6552,1.8081,1.8081,33.4785,2.6314,2.6314
2025-05-31,38.5417,30.8471,-7.6946,7.6946,35.1112,-3.4304,3.4304,38.835,0.2933,0.2933,35.632,-2.9097,2.9097
2025-06-01,28.5971,38.5417,9.9446,9.9446,28.5275,-0.0696,0.0696,42.1561,13.559,13.559,39.9795,11.3824,11.3824
2025-06-02,40.6667,28.5971,-12.0696,12.0696,34.8054,-5.8612,5.8612,32.2232,-8.4434,8.4434,37.3445,-3.3222,3.3222
2025-06-03,29.1942,40.6667,11.4725,11.4725,69.1112,39.9171,39.9171,44.6647,15.4706,15.4706,41.7285,12.5343,12.5343
2025-06-04,40.3054,29.1942,-11.1113,11.1113,69.0558,28.7504,28.7504,31.9308,-8.3747,8.3747,32.3084,-7.997,7.997
2025-06-05,47.0279,40.3054,-6.7225,6.7225,30.7358,-16.2921,16.2921,44.1463,-2.8816,2.8816,37.775,-9.2529,9.2529
2025-06-06,33.4579,47.0279,13.57,13.57,30.8471,-2.6108,2.6108,47.1236,13.6657,13.6657,38.6685,5.2106,5.2106
2025-06-07,33.1529,33.4579,0.305,0.305,38.5417,5.3888,5.3888,35.2296,2.0767,2.0767,33.0509,-0.1021,0.1021
2025-06-08,59.6525,33.1529,-26.4996,26.4996,28.5971,-31.0554,31.0554,37.5833,-22.0692,22.0692,34.3314,-25.3211,25.3211
2025-06-09,39.25,59.6525,20.4025,20.4025,40.6667,1.4167,1.4167,59.2017,19.9517,19.9517,40.3505,1.1005,1.1005
2025-06-10,33.3196,39.25,5.9304,5.9304,29.1942,-4.1254,4.1254,37.4223,4.1027,4.1027,33.2732,-0.0464,0.0464
2025-06-11,41.1942,33.3196,-7.8746,7.8746,40.3054,-0.8888,0.8888,37.7179,-3.4762,3.4762,32.7808,-8.4134,8.4134
2025-06-12,54.965,41.1942,-13.7708,13.7708,47.0279,-7.9371,7.9371,43.6655,-11.2995,11.2995,38.6393,-16.3257,16.3257
2025-06-13,26.9238,54.965,28.0413,28.0413,33.4579,6.5342,6.5342,53.6764,26.7527,26.7527,40.8434,13.9196,13.9196
2025-06-14,41.3887,26.9238,-14.465,14.465,33.1529,-8.2358,8.2358,28.063,-13.3257,13.3257,28.7259,-12.6629,12.6629
2025-06-15,50.3333,41.3887,-8.9446,8.9446,59.6525,9.3192,9.3192,45.9837,-4.3497,4.3497,40.7606,-9.5727,9.5727
2025-06-16,32.7292,50.3333,17.6042,17.6042,39.25,6.5208,6.5208,48.974,16.2448,16.2448,41.3646,8.6354,8.6354
2025-06-17,51.9583,32.7292,-19.2292,19.2292,33.3196,-18.6388,18.6388,33.6457,-18.3126,18.3126,31.4678,-20.4905,20.4905
2025-06-18,49.9029,51.9583,2.0554,2.0554,41.1942,-8.7088,8.7088,53.5939,3.691,3.691,43.9996,-5.9034,5.9034
2025-06-19,47.8683,49.9029,2.0346,2.0346,54.965,7.0967,7.0967,47.3351,-0.5332,0.5332,39.8666,-8.0018,8.0018
2025-06-20,93.625,47.8683,-45.7567,45.7567,26.9238,-66.7012,66.7012,47.5335,-46.0915,46.0915,37.8293,-55.7957,55.7957
2025-06-21,30.0138,93.625,63.6112,63.6112,41.3887,11.375,11.375,86.9029,56.8891,56.8891,61.9406,31.9268,31.9268
2025-06-22,31.9167,30.0138,-1.9029,1.9029,50.3333,18.4167,18.4167,25.6292,-6.2875,6.2875,34.5065,2.5898,2.5898
2025-06-23,39.625,31.9167,-7.7083,7.7083,32.7292,-6.8958,6.8958,40.7011,1.0761,1.0761,33.6672,-5.9578,5.9578
2025-06-24,69.125,39.625,-29.5,29.5,51.9583,-17.1667,17.1667,41.679,-27.446,27.446,37.6266,-31.4984,31.4984
2025-06-25,33.4446,69.125,35.6804,35.6804,49.9029,16.4583,16.4583,65.6402,32.1956,32.1956,47.9793,14.5347,14.5347
2025-06-26,34.9025,33.4446,-1.4579,1.4579,47.8683,12.9658,12.9658,31.6291,-3.2734,3.2734,33.5703,-1.3322,1.3322
2025-06-27,31.6667,34.9025,3.2358,3.2358,93.625,61.9583,61.9583,40.5972,8.9306,8.9306,36.6727,5.0061,5.0061
2025-06-28,28.6108,31.6667,3.0558,3.0558,30.0138,1.4029,1.4029,34.6547,6.0439,6.0439,32.7125,4.1016,4.1016
2025-06-29,40.4862,28.6108,-11.8754,11.8754,31.9167,-8.5696,8.5696,32.5442,-7.942,7.942,31.1945,-9.2918,9.2918
2025-06-30,30.0971,40.4862,10.3892,10.3892,39.625,9.5279,9.5279,42.6631,12.566,12.566,35.5593,5.4622,5.4622
